file,line,type,commit,author,date,time,timezone,datetime,depth,length
style.css,1,css,c60a4313,beachu23,2025-04-24,21:49:08,-07:00,2025-04-24T21:49:08-07:00,0,5
style.css,2,css,c60a4313,beachu23,2025-04-24,21:49:08,-07:00,2025-04-24T21:49:08-07:00,0,44
style.css,3,css,c60a4313,beachu23,2025-04-24,21:49:08,-07:00,2025-04-24T21:49:08-07:00,0,43
style.css,4,css,c60a4313,beachu23,2025-04-24,21:49:08,-07:00,2025-04-24T21:49:08-07:00,0,1
style.css,5,css,c60a4313,beachu23,2025-04-24,21:49:08,-07:00,2025-04-24T21:49:08-07:00,0,24
style.css,6,css,c60a4313,beachu23,2025-04-24,21:49:08,-07:00,2025-04-24T21:49:08-07:00,0,0
style.css,7,css,c60a4313,beachu23,2025-04-24,21:49:08,-07:00,2025-04-24T21:49:08-07:00,0,0
style.css,8,css,c60a4313,beachu23,2025-04-24,21:49:08,-07:00,2025-04-24T21:49:08-07:00,0,15
style.css,9,css,c60a4313,beachu23,2025-04-24,21:49:08,-07:00,2025-04-24T21:49:08-07:00,0,17
style.css,10,css,c60a4313,beachu23,2025-04-24,21:49:08,-07:00,2025-04-24T21:49:08-07:00,0,0
style.css,11,css,c60a4313,beachu23,2025-04-24,21:49:08,-07:00,2025-04-24T21:49:08-07:00,0,0
style.css,12,css,c60a4313,beachu23,2025-04-24,21:49:08,-07:00,2025-04-24T21:49:08-07:00,0,4
style.css,13,css,c60a4313,beachu23,2025-04-24,21:49:08,-07:00,2025-04-24T21:49:08-07:00,0,13
style.css,14,css,c60a4313,beachu23,2025-04-24,21:49:08,-07:00,2025-04-24T21:49:08-07:00,0,18
style.css,15,css,c60a4313,beachu23,2025-04-24,21:49:08,-07:00,2025-04-24T21:49:08-07:00,0,42
style.css,16,css,c60a4313,beachu23,2025-04-24,21:49:08,-07:00,2025-04-24T21:49:08-07:00,0,0
style.css,17,css,c60a4313,beachu23,2025-04-24,21:49:08,-07:00,2025-04-24T21:49:08-07:00,0,0
style.css,18,css,c60a4313,beachu23,2025-04-24,21:49:08,-07:00,2025-04-24T21:49:08-07:00,0,6
style.css,19,css,c60a4313,beachu23,2025-04-24,21:49:08,-07:00,2025-04-24T21:49:08-07:00,0,7
style.css,20,css,c60a4313,beachu23,2025-04-24,21:49:08,-07:00,2025-04-24T21:49:08-07:00,0,18
style.css,21,css,c60a4313,beachu23,2025-04-24,21:49:08,-07:00,2025-04-24T21:49:08-07:00,0,14
style.css,22,css,c60a4313,beachu23,2025-04-24,21:49:08,-07:00,2025-04-24T21:49:08-07:00,0,21
style.css,23,css,c60a4313,beachu23,2025-04-24,21:49:08,-07:00,2025-04-24T21:49:08-07:00,0,14
style.css,24,css,c60a4313,beachu23,2025-04-24,21:49:08,-07:00,2025-04-24T21:49:08-07:00,0,52
style.css,25,css,c60a4313,beachu23,2025-04-24,21:49:08,-07:00,2025-04-24T21:49:08-07:00,0,0
style.css,26,css,c60a4313,beachu23,2025-04-24,21:49:08,-07:00,2025-04-24T21:49:08-07:00,0,0
style.css,27,css,c60a4313,beachu23,2025-04-24,21:49:08,-07:00,2025-04-24T21:49:08-07:00,0,14
style.css,28,css,c60a4313,beachu23,2025-04-24,21:49:08,-07:00,2025-04-24T21:49:08-07:00,0,44
style.css,29,css,c60a4313,beachu23,2025-04-24,21:49:08,-07:00,2025-04-24T21:49:08-07:00,0,21
style.css,30,css,c60a4313,beachu23,2025-04-24,21:49:08,-07:00,2025-04-24T21:49:08-07:00,0,0
style.css,31,css,c60a4313,beachu23,2025-04-24,21:49:08,-07:00,2025-04-24T21:49:08-07:00,0,0
style.css,32,css,c60a4313,beachu23,2025-04-24,21:49:08,-07:00,2025-04-24T21:49:08-07:00,0,12
style.css,33,css,c60a4313,beachu23,2025-04-24,21:49:08,-07:00,2025-04-24T21:49:08-07:00,0,46
style.css,34,css,c60a4313,beachu23,2025-04-24,21:49:08,-07:00,2025-04-24T21:49:08-07:00,0,21
style.css,35,css,c60a4313,beachu23,2025-04-24,21:49:08,-07:00,2025-04-24T21:49:08-07:00,0,0
style.css,36,css,c60a4313,beachu23,2025-04-24,21:49:08,-07:00,2025-04-24T21:49:08-07:00,0,0
style.css,37,css,c60a4313,beachu23,2025-04-24,21:49:08,-07:00,2025-04-24T21:49:08-07:00,0,6
style.css,38,css,bf4b6f6d,beachu23,2025-04-25,15:52:46,-07:00,2025-04-25T15:52:46-07:00,0,32
style.css,39,css,c60a4313,beachu23,2025-04-24,21:49:08,-07:00,2025-04-24T21:49:08-07:00,0,0
style.css,40,css,c60a4313,beachu23,2025-04-24,21:49:08,-07:00,2025-04-24T21:49:08-07:00,0,0
style.css,41,css,c60a4313,beachu23,2025-04-24,21:49:08,-07:00,2025-04-24T21:49:08-07:00,0,5
style.css,42,css,c60a4313,beachu23,2025-04-24,21:49:08,-07:00,2025-04-24T21:49:08-07:00,0,33
style.css,43,css,5f42d5a0,beachu23,2025-04-25,20:40:54,-07:00,2025-04-25T20:40:54-07:00,0,24
style.css,44,css,c60a4313,beachu23,2025-04-24,21:49:08,-07:00,2025-04-24T21:49:08-07:00,0,0
style.css,45,css,c60a4313,beachu23,2025-04-24,21:49:08,-07:00,2025-04-24T21:49:08-07:00,0,0
style.css,46,css,5f42d5a0,beachu23,2025-04-25,20:40:54,-07:00,2025-04-25T20:40:54-07:00,0,4
style.css,47,css,5f42d5a0,beachu23,2025-04-25,20:40:54,-07:00,2025-04-25T20:40:54-07:00,0,40
style.css,48,css,5f42d5a0,beachu23,2025-04-25,20:40:54,-07:00,2025-04-25T20:40:54-07:00,0,13
style.css,49,css,5f42d5a0,beachu23,2025-04-25,20:40:54,-07:00,2025-04-25T20:40:54-07:00,0,18
style.css,50,css,5f42d5a0,beachu23,2025-04-25,20:40:54,-07:00,2025-04-25T20:40:54-07:00,0,44
style.css,51,css,55377125,beachu23,2025-04-25,14:17:21,-07:00,2025-04-25T14:17:21-07:00,0,0
style.css,52,css,55377125,beachu23,2025-04-25,14:17:21,-07:00,2025-04-25T14:17:21-07:00,0,0
style.css,53,css,57745f3e,beachu23,2025-04-25,20:11:19,-07:00,2025-04-25T20:11:19-07:00,0,10
style.css,54,css,57745f3e,beachu23,2025-04-25,20:11:19,-07:00,2025-04-25T20:11:19-07:00,0,14
style.css,55,css,57745f3e,beachu23,2025-04-25,20:11:19,-07:00,2025-04-25T20:11:19-07:00,0,11
style.css,56,css,c60a4313,beachu23,2025-04-24,21:49:08,-07:00,2025-04-24T21:49:08-07:00,0,22
style.css,57,css,57745f3e,beachu23,2025-04-25,20:11:19,-07:00,2025-04-25T20:11:19-07:00,0,14
style.css,58,css,5f42d5a0,beachu23,2025-04-25,20:40:54,-07:00,2025-04-25T20:40:54-07:00,0,37
style.css,59,css,57745f3e,beachu23,2025-04-25,20:11:19,-07:00,2025-04-25T20:11:19-07:00,0,20
style.css,60,css,4f24c86f,beachu23,2025-04-25,20:54:09,-07:00,2025-04-25T20:54:09-07:00,0,56
style.css,61,css,d87a99e7,beachu23,2025-04-25,20:47:46,-07:00,2025-04-25T20:47:46-07:00,0,17
style.css,62,css,55377125,beachu23,2025-04-25,14:17:21,-07:00,2025-04-25T14:17:21-07:00,0,0
style.css,63,css,55377125,beachu23,2025-04-25,14:17:21,-07:00,2025-04-25T14:17:21-07:00,0,0
style.css,64,css,d87a99e7,beachu23,2025-04-25,20:47:46,-07:00,2025-04-25T20:47:46-07:00,0,0
style.css,65,css,4f24c86f,beachu23,2025-04-25,20:54:09,-07:00,2025-04-25T20:54:09-07:00,0,0
style.css,66,css,1df18767,beachu23,2025-04-24,22:16:38,-07:00,2025-04-24T22:16:38-07:00,0,18
style.css,67,css,c60a4313,beachu23,2025-04-24,21:49:08,-07:00,2025-04-24T21:49:08-07:00,0,13
style.css,68,css,c60a4313,beachu23,2025-04-24,21:49:08,-07:00,2025-04-24T21:49:08-07:00,0,27
style.css,69,css,c60a4313,beachu23,2025-04-24,21:49:08,-07:00,2025-04-24T21:49:08-07:00,0,16
style.css,70,css,c60a4313,beachu23,2025-04-24,21:49:08,-07:00,2025-04-24T21:49:08-07:00,0,12
style.css,71,css,5f42d5a0,beachu23,2025-04-25,20:40:54,-07:00,2025-04-25T20:40:54-07:00,0,37
style.css,72,css,c60a4313,beachu23,2025-04-24,21:49:08,-07:00,2025-04-24T21:49:08-07:00,0,20
style.css,73,css,c60a4313,beachu23,2025-04-24,21:49:08,-07:00,2025-04-24T21:49:08-07:00,0,17
style.css,74,css,1df18767,beachu23,2025-04-24,22:16:38,-07:00,2025-04-24T22:16:38-07:00,0,0
style.css,75,css,5f42d5a0,beachu23,2025-04-25,20:40:54,-07:00,2025-04-25T20:40:54-07:00,0,0
style.css,76,css,c60a4313,beachu23,2025-04-24,21:49:08,-07:00,2025-04-24T21:49:08-07:00,0,0
style.css,77,css,1df18767,beachu23,2025-04-24,22:16:38,-07:00,2025-04-24T22:16:38-07:00,0,13
style.css,78,css,c60a4313,beachu23,2025-04-24,21:49:08,-07:00,2025-04-24T21:49:08-07:00,0,9
style.css,79,css,1df18767,beachu23,2025-04-24,22:16:38,-07:00,2025-04-24T22:16:38-07:00,0,0
style.css,80,css,c60a4313,beachu23,2025-04-24,21:49:08,-07:00,2025-04-24T21:49:08-07:00,0,0
style.css,81,css,1df18767,beachu23,2025-04-24,22:16:38,-07:00,2025-04-24T22:16:38-07:00,0,23
style.css,82,css,c60a4313,beachu23,2025-04-24,21:49:08,-07:00,2025-04-24T21:49:08-07:00,0,16
style.css,83,css,c60a4313,beachu23,2025-04-24,21:49:08,-07:00,2025-04-24T21:49:08-07:00,0,18
style.css,84,css,1df18767,beachu23,2025-04-24,22:16:38,-07:00,2025-04-24T22:16:38-07:00,0,0
style.css,85,css,c60a4313,beachu23,2025-04-24,21:49:08,-07:00,2025-04-24T21:49:08-07:00,0,0
style.css,86,css,1df18767,beachu23,2025-04-24,22:16:38,-07:00,2025-04-24T22:16:38-07:00,0,3
style.css,87,css,c60a4313,beachu23,2025-04-24,21:49:08,-07:00,2025-04-24T21:49:08-07:00,0,15
style.css,88,css,c60a4313,beachu23,2025-04-24,21:49:08,-07:00,2025-04-24T21:49:08-07:00,0,20
style.css,89,css,19a609c4,beachu23,2025-04-25,14:31:07,-07:00,2025-04-25T14:31:07-07:00,0,0
style.css,90,css,19a609c4,beachu23,2025-04-25,14:31:07,-07:00,2025-04-25T14:31:07-07:00,0,0
style.css,91,css,19a609c4,beachu23,2025-04-25,14:31:07,-07:00,2025-04-25T14:31:07-07:00,0,0
style.css,92,css,19a609c4,beachu23,2025-04-25,14:31:07,-07:00,2025-04-25T14:31:07-07:00,0,8
style.css,93,css,19a609c4,beachu23,2025-04-25,14:31:07,-07:00,2025-04-25T14:31:07-07:00,0,18
style.css,94,css,19a609c4,beachu23,2025-04-25,14:31:07,-07:00,2025-04-25T14:31:07-07:00,0,12
style.css,95,css,19a609c4,beachu23,2025-04-25,14:31:07,-07:00,2025-04-25T14:31:07-07:00,0,21
style.css,96,css,19a609c4,beachu23,2025-04-25,14:31:07,-07:00,2025-04-25T14:31:07-07:00,0,29
style.css,97,css,19a609c4,beachu23,2025-04-25,14:31:07,-07:00,2025-04-25T14:31:07-07:00,0,41
style.css,98,css,19a609c4,beachu23,2025-04-25,14:31:07,-07:00,2025-04-25T14:31:07-07:00,0,0
style.css,99,css,19a609c4,beachu23,2025-04-25,14:31:07,-07:00,2025-04-25T14:31:07-07:00,0,0
style.css,100,css,19a609c4,beachu23,2025-04-25,14:31:07,-07:00,2025-04-25T14:31:07-07:00,0,18
style.css,101,css,19a609c4,beachu23,2025-04-25,14:31:07,-07:00,2025-04-25T14:31:07-07:00,0,44
style.css,102,css,19a609c4,beachu23,2025-04-25,14:31:07,-07:00,2025-04-25T14:31:07-07:00,0,21
style.css,103,css,19a609c4,beachu23,2025-04-25,14:31:07,-07:00,2025-04-25T14:31:07-07:00,0,18
style.css,104,css,19a609c4,beachu23,2025-04-25,14:31:07,-07:00,2025-04-25T14:31:07-07:00,0,0
style.css,105,css,19a609c4,beachu23,2025-04-25,14:31:07,-07:00,2025-04-25T14:31:07-07:00,0,0
style.css,106,css,19a609c4,beachu23,2025-04-25,14:31:07,-07:00,2025-04-25T14:31:07-07:00,0,8
style.css,107,css,19a609c4,beachu23,2025-04-25,14:31:07,-07:00,2025-04-25T14:31:07-07:00,0,23
style.css,108,css,19a609c4,beachu23,2025-04-25,14:31:07,-07:00,2025-04-25T14:31:07-07:00,0,10
style.css,109,css,19a609c4,beachu23,2025-04-25,14:31:07,-07:00,2025-04-25T14:31:07-07:00,0,16
style.css,110,css,19a609c4,beachu23,2025-04-25,14:31:07,-07:00,2025-04-25T14:31:07-07:00,0,20
style.css,111,css,19a609c4,beachu23,2025-04-25,14:31:07,-07:00,2025-04-25T14:31:07-07:00,0,0
style.css,112,css,8d4f3275,beachu23,2025-05-03,18:45:58,-07:00,2025-05-03T18:45:58-07:00,0,0
style.css,113,css,8d4f3275,beachu23,2025-05-03,18:45:58,-07:00,2025-05-03T18:45:58-07:00,0,19
style.css,114,css,8d4f3275,beachu23,2025-05-03,18:45:58,-07:00,2025-05-03T18:45:58-07:00,0,15
style.css,115,css,8d4f3275,beachu23,2025-05-03,18:45:58,-07:00,2025-05-03T18:45:58-07:00,0,17
style.css,116,css,8d4f3275,beachu23,2025-05-03,18:45:58,-07:00,2025-05-03T18:45:58-07:00,0,17
style.css,117,css,8d4f3275,beachu23,2025-05-03,18:45:58,-07:00,2025-05-03T18:45:58-07:00,0,0
style.css,118,css,8d4f3275,beachu23,2025-05-03,18:45:58,-07:00,2025-05-03T18:45:58-07:00,0,0
style.css,119,css,8d4f3275,beachu23,2025-05-03,18:45:58,-07:00,2025-05-03T18:45:58-07:00,0,11
style.css,120,css,8d4f3275,beachu23,2025-05-03,18:45:58,-07:00,2025-05-03T18:45:58-07:00,0,13
style.css,121,css,8d4f3275,beachu23,2025-05-03,18:45:58,-07:00,2025-05-03T18:45:58-07:00,0,15
style.css,122,css,8d4f3275,beachu23,2025-05-03,18:45:58,-07:00,2025-05-03T18:45:58-07:00,0,8
style.css,123,css,8d4f3275,beachu23,2025-05-03,18:45:58,-07:00,2025-05-03T18:45:58-07:00,0,19
style.css,124,css,8d4f3275,beachu23,2025-05-03,18:45:58,-07:00,2025-05-03T18:45:58-07:00,0,23
style.css,125,css,8d4f3275,beachu23,2025-05-03,18:45:58,-07:00,2025-05-03T18:45:58-07:00,0,18
style.css,126,css,8d4f3275,beachu23,2025-05-03,18:45:58,-07:00,2025-05-03T18:45:58-07:00,0,0
style.css,127,css,8d4f3275,beachu23,2025-05-03,18:45:58,-07:00,2025-05-03T18:45:58-07:00,0,0
style.css,128,css,8d4f3275,beachu23,2025-05-03,18:45:58,-07:00,2025-05-03T18:45:58-07:00,0,8
style.css,129,css,8d4f3275,beachu23,2025-05-03,18:45:58,-07:00,2025-05-03T18:45:58-07:00,0,13
style.css,130,css,8d4f3275,beachu23,2025-05-03,18:45:58,-07:00,2025-05-03T18:45:58-07:00,0,58
style.css,131,css,8d4f3275,beachu23,2025-05-03,18:45:58,-07:00,2025-05-03T18:45:58-07:00,0,37
style.css,132,css,8d4f3275,beachu23,2025-05-03,18:45:58,-07:00,2025-05-03T18:45:58-07:00,0,20
style.css,133,css,8d4f3275,beachu23,2025-05-03,18:45:58,-07:00,2025-05-03T18:45:58-07:00,0,12
style.css,134,css,8d4f3275,beachu23,2025-05-03,18:45:58,-07:00,2025-05-03T18:45:58-07:00,0,8
style.css,135,css,8d4f3275,beachu23,2025-05-03,18:45:58,-07:00,2025-05-03T18:45:58-07:00,0,7
style.css,136,css,8d4f3275,beachu23,2025-05-03,18:45:58,-07:00,2025-05-03T18:45:58-07:00,0,29
style.css,137,css,8d4f3275,beachu23,2025-05-03,18:45:58,-07:00,2025-05-03T18:45:58-07:00,0,0
style.css,138,css,8d4f3275,beachu23,2025-05-03,18:45:58,-07:00,2025-05-03T18:45:58-07:00,0,0
style.css,139,css,8d4f3275,beachu23,2025-05-03,18:45:58,-07:00,2025-05-03T18:45:58-07:00,0,11
style.css,140,css,8d4f3275,beachu23,2025-05-03,18:45:58,-07:00,2025-05-03T18:45:58-07:00,0,13
style.css,141,css,8d4f3275,beachu23,2025-05-03,18:45:58,-07:00,2025-05-03T18:45:58-07:00,0,19
style.css,142,css,8d4f3275,beachu23,2025-05-03,18:45:58,-07:00,2025-05-03T18:45:58-07:00,0,10
style.css,143,css,8d4f3275,beachu23,2025-05-03,18:45:58,-07:00,2025-05-03T18:45:58-07:00,0,16
style.css,144,css,8d4f3275,beachu23,2025-05-03,18:45:58,-07:00,2025-05-03T18:45:58-07:00,0,0
style.css,145,css,8d4f3275,beachu23,2025-05-03,18:45:58,-07:00,2025-05-03T18:45:58-07:00,0,0
style.css,146,css,8d4f3275,beachu23,2025-05-03,18:45:58,-07:00,2025-05-03T18:45:58-07:00,0,20
style.css,147,css,8d4f3275,beachu23,2025-05-03,18:45:58,-07:00,2025-05-03T18:45:58-07:00,0,36
style.css,148,css,8d4f3275,beachu23,2025-05-03,18:45:58,-07:00,2025-05-03T18:45:58-07:00,0,0
style.css,149,css,8d4f3275,beachu23,2025-05-03,18:45:58,-07:00,2025-05-03T18:45:58-07:00,0,0
style.css,150,css,8d4f3275,beachu23,2025-05-03,18:45:58,-07:00,2025-05-03T18:45:58-07:00,0,8
style.css,151,css,8d4f3275,beachu23,2025-05-03,18:45:58,-07:00,2025-05-03T18:45:58-07:00,0,10
style.css,152,css,8d4f3275,beachu23,2025-05-03,18:45:58,-07:00,2025-05-03T18:45:58-07:00,0,11
style.css,153,css,8d4f3275,beachu23,2025-05-03,18:45:58,-07:00,2025-05-03T18:45:58-07:00,0,30
style.css,154,css,8d4f3275,beachu23,2025-05-03,18:45:58,-07:00,2025-05-03T18:45:58-07:00,0,21
style.css,155,css,8d4f3275,beachu23,2025-05-03,18:45:58,-07:00,2025-05-03T18:45:58-07:00,0,19
style.css,156,css,8d4f3275,beachu23,2025-05-03,18:45:58,-07:00,2025-05-03T18:45:58-07:00,0,18
style.css,157,css,8d4f3275,beachu23,2025-05-03,18:45:58,-07:00,2025-05-03T18:45:58-07:00,0,0
style.css,158,css,8d4f3275,beachu23,2025-05-03,18:45:58,-07:00,2025-05-03T18:45:58-07:00,0,0
style.css,159,css,8d4f3275,beachu23,2025-05-03,18:45:58,-07:00,2025-05-03T18:45:58-07:00,0,5
style.css,160,css,8d4f3275,beachu23,2025-05-03,18:45:58,-07:00,2025-05-03T18:45:58-07:00,0,17
style.css,161,css,8d4f3275,beachu23,2025-05-03,18:45:58,-07:00,2025-05-03T18:45:58-07:00,0,15
style.css,162,css,8d4f3275,beachu23,2025-05-03,18:45:58,-07:00,2025-05-03T18:45:58-07:00,0,0
style.css,163,css,8d4f3275,beachu23,2025-05-03,18:45:58,-07:00,2025-05-03T18:45:58-07:00,0,0
style.css,164,css,8d4f3275,beachu23,2025-05-03,18:45:58,-07:00,2025-05-03T18:45:58-07:00,0,37
style.css,165,css,8d4f3275,beachu23,2025-05-03,18:45:58,-07:00,2025-05-03T18:45:58-07:00,0,12
style.css,166,css,8d4f3275,beachu23,2025-05-03,18:45:58,-07:00,2025-05-03T18:45:58-07:00,0,0
style.css,167,css,8d4f3275,beachu23,2025-05-03,18:45:58,-07:00,2025-05-03T18:45:58-07:00,0,0
style.css,168,css,8d4f3275,beachu23,2025-05-03,18:45:58,-07:00,2025-05-03T18:45:58-07:00,0,14
style.css,169,css,8d4f3275,beachu23,2025-05-03,18:45:58,-07:00,2025-05-03T18:45:58-07:00,0,18
style.css,170,css,8d4f3275,beachu23,2025-05-03,18:45:58,-07:00,2025-05-03T18:45:58-07:00,0,0
style.css,171,css,8d4f3275,beachu23,2025-05-03,18:45:58,-07:00,2025-05-03T18:45:58-07:00,0,0
style.css,172,css,8d4f3275,beachu23,2025-05-03,18:45:58,-07:00,2025-05-03T18:45:58-07:00,0,11
style.css,173,css,8d4f3275,beachu23,2025-05-03,18:45:58,-07:00,2025-05-03T18:45:58-07:00,0,11
style.css,174,css,8d4f3275,beachu23,2025-05-03,18:45:58,-07:00,2025-05-03T18:45:58-07:00,0,15
style.css,175,css,8d4f3275,beachu23,2025-05-03,18:45:58,-07:00,2025-05-03T18:45:58-07:00,0,14
style.css,176,css,8d4f3275,beachu23,2025-05-03,18:45:58,-07:00,2025-05-03T18:45:58-07:00,0,16
style.css,177,css,8d4f3275,beachu23,2025-05-03,18:45:58,-07:00,2025-05-03T18:45:58-07:00,0,14
style.css,178,css,8d4f3275,beachu23,2025-05-03,18:45:58,-07:00,2025-05-03T18:45:58-07:00,0,20
style.css,179,css,8d4f3275,beachu23,2025-05-03,18:45:58,-07:00,2025-05-03T18:45:58-07:00,0,37
style.css,180,css,8d4f3275,beachu23,2025-05-03,18:45:58,-07:00,2025-05-03T18:45:58-07:00,0,17
style.css,181,css,8d4f3275,beachu23,2025-05-03,18:45:58,-07:00,2025-05-03T18:45:58-07:00,0,14
style.css,182,css,8d4f3275,beachu23,2025-05-03,18:45:58,-07:00,2025-05-03T18:45:58-07:00,0,0
style.css,183,css,8d4f3275,beachu23,2025-05-03,18:45:58,-07:00,2025-05-03T18:45:58-07:00,0,0
style.css,184,css,8d4f3275,beachu23,2025-05-03,18:45:58,-07:00,2025-05-03T18:45:58-07:00,0,14
style.css,185,css,8d4f3275,beachu23,2025-05-03,18:45:58,-07:00,2025-05-03T18:45:58-07:00,0,11
style.css,186,css,8d4f3275,beachu23,2025-05-03,18:45:58,-07:00,2025-05-03T18:45:58-07:00,0,31
style.css,187,css,8d4f3275,beachu23,2025-05-03,18:45:58,-07:00,2025-05-03T18:45:58-07:00,0,35
style.css,188,css,8d4f3275,beachu23,2025-05-03,18:45:58,-07:00,2025-05-03T18:45:58-07:00,0,17
style.css,189,css,8d4f3275,beachu23,2025-05-03,18:45:58,-07:00,2025-05-03T18:45:58-07:00,0,0
style.css,190,css,8d4f3275,beachu23,2025-05-03,18:45:58,-07:00,2025-05-03T18:45:58-07:00,0,0
resume.html,1,html,91530442,beachu23,2025-04-24,19:59:30,-07:00,2025-04-24T19:59:30-07:00,0,14
resume.html,2,html,91530442,beachu23,2025-04-24,19:59:30,-07:00,2025-04-24T19:59:30-07:00,0,15
resume.html,3,html,91530442,beachu23,2025-04-24,19:59:30,-07:00,2025-04-24T19:59:30-07:00,0,5
resume.html,4,html,91530442,beachu23,2025-04-24,19:59:30,-07:00,2025-04-24T19:59:30-07:00,0,21
resume.html,5,html,9a71020d,beachu23,2025-04-25,20:16:04,-07:00,2025-04-25T20:16:04-07:00,0,34
resume.html,6,html,19a609c4,beachu23,2025-04-25,14:31:07,-07:00,2025-04-25T14:31:07-07:00,0,39
resume.html,7,html,5f42d5a0,beachu23,2025-04-25,20:40:54,-07:00,2025-04-25T20:40:54-07:00,0,46
resume.html,8,html,91530442,beachu23,2025-04-24,19:59:30,-07:00,2025-04-24T19:59:30-07:00,0,6
resume.html,9,html,91530442,beachu23,2025-04-24,19:59:30,-07:00,2025-04-24T19:59:30-07:00,0,5
resume.html,10,html,91530442,beachu23,2025-04-24,19:59:30,-07:00,2025-04-24T19:59:30-07:00,0,0
resume.html,11,html,91530442,beachu23,2025-04-24,19:59:30,-07:00,2025-04-24T19:59:30-07:00,0,19
resume.html,12,html,19a609c4,beachu23,2025-04-25,14:31:07,-07:00,2025-04-25T14:31:07-07:00,0,70
resume.html,13,html,91530442,beachu23,2025-04-24,19:59:30,-07:00,2025-04-24T19:59:30-07:00,0,91
resume.html,14,html,91530442,beachu23,2025-04-24,19:59:30,-07:00,2025-04-24T19:59:30-07:00,0,0
resume.html,15,html,91530442,beachu23,2025-04-24,19:59:30,-07:00,2025-04-24T19:59:30-07:00,0,8
resume.html,16,html,91530442,beachu23,2025-04-24,19:59:30,-07:00,2025-04-24T19:59:30-07:00,0,34
resume.html,17,html,91530442,beachu23,2025-04-24,19:59:30,-07:00,2025-04-24T19:59:30-07:00,0,8
resume.html,18,html,91530442,beachu23,2025-04-24,19:59:30,-07:00,2025-04-24T19:59:30-07:00,0,43
resume.html,19,html,91530442,beachu23,2025-04-24,19:59:30,-07:00,2025-04-24T19:59:30-07:00,0,80
resume.html,20,html,91530442,beachu23,2025-04-24,19:59:30,-07:00,2025-04-24T19:59:30-07:00,0,27
resume.html,21,html,19a609c4,beachu23,2025-04-25,14:31:07,-07:00,2025-04-25T14:31:07-07:00,0,111
resume.html,22,html,91530442,beachu23,2025-04-24,19:59:30,-07:00,2025-04-24T19:59:30-07:00,0,9
resume.html,23,html,91530442,beachu23,2025-04-24,19:59:30,-07:00,2025-04-24T19:59:30-07:00,0,9
resume.html,24,html,91530442,beachu23,2025-04-24,19:59:30,-07:00,2025-04-24T19:59:30-07:00,0,0
resume.html,25,html,91530442,beachu23,2025-04-24,19:59:30,-07:00,2025-04-24T19:59:30-07:00,0,8
resume.html,26,html,91530442,beachu23,2025-04-24,19:59:30,-07:00,2025-04-24T19:59:30-07:00,0,35
resume.html,27,html,91530442,beachu23,2025-04-24,19:59:30,-07:00,2025-04-24T19:59:30-07:00,0,0
resume.html,28,html,91530442,beachu23,2025-04-24,19:59:30,-07:00,2025-04-24T19:59:30-07:00,0,8
resume.html,29,html,91530442,beachu23,2025-04-24,19:59:30,-07:00,2025-04-24T19:59:30-07:00,0,33
resume.html,30,html,19a609c4,beachu23,2025-04-25,14:31:07,-07:00,2025-04-25T14:31:07-07:00,0,111
resume.html,31,html,91530442,beachu23,2025-04-24,19:59:30,-07:00,2025-04-24T19:59:30-07:00,0,3
resume.html,32,html,19a609c4,beachu23,2025-04-25,14:31:07,-07:00,2025-04-25T14:31:07-07:00,0,88
resume.html,33,html,19a609c4,beachu23,2025-04-25,14:31:07,-07:00,2025-04-25T14:31:07-07:00,0,81
resume.html,34,html,19a609c4,beachu23,2025-04-25,14:31:07,-07:00,2025-04-25T14:31:07-07:00,0,69
resume.html,35,html,19a609c4,beachu23,2025-04-25,14:31:07,-07:00,2025-04-25T14:31:07-07:00,0,77
resume.html,36,html,19a609c4,beachu23,2025-04-25,14:31:07,-07:00,2025-04-25T14:31:07-07:00,0,74
resume.html,37,html,19a609c4,beachu23,2025-04-25,14:31:07,-07:00,2025-04-25T14:31:07-07:00,0,66
resume.html,38,html,19a609c4,beachu23,2025-04-25,14:31:07,-07:00,2025-04-25T14:31:07-07:00,0,76
resume.html,39,html,91530442,beachu23,2025-04-24,19:59:30,-07:00,2025-04-24T19:59:30-07:00,0,4
resume.html,40,html,91530442,beachu23,2025-04-24,19:59:30,-07:00,2025-04-24T19:59:30-07:00,0,9
resume.html,41,html,91530442,beachu23,2025-04-24,19:59:30,-07:00,2025-04-24T19:59:30-07:00,0,0
resume.html,42,html,91530442,beachu23,2025-04-24,19:59:30,-07:00,2025-04-24T19:59:30-07:00,0,8
resume.html,43,html,91530442,beachu23,2025-04-24,19:59:30,-07:00,2025-04-24T19:59:30-07:00,0,45
resume.html,44,html,19a609c4,beachu23,2025-04-25,14:31:07,-07:00,2025-04-25T14:31:07-07:00,0,109
resume.html,45,html,91530442,beachu23,2025-04-24,19:59:30,-07:00,2025-04-24T19:59:30-07:00,0,3
resume.html,46,html,19a609c4,beachu23,2025-04-25,14:31:07,-07:00,2025-04-25T14:31:07-07:00,0,91
resume.html,47,html,19a609c4,beachu23,2025-04-25,14:31:07,-07:00,2025-04-25T14:31:07-07:00,0,76
resume.html,48,html,19a609c4,beachu23,2025-04-25,14:31:07,-07:00,2025-04-25T14:31:07-07:00,0,85
resume.html,49,html,19a609c4,beachu23,2025-04-25,14:31:07,-07:00,2025-04-25T14:31:07-07:00,0,82
resume.html,50,html,91530442,beachu23,2025-04-24,19:59:30,-07:00,2025-04-24T19:59:30-07:00,0,4
resume.html,51,html,91530442,beachu23,2025-04-24,19:59:30,-07:00,2025-04-24T19:59:30-07:00,0,9
resume.html,52,html,91530442,beachu23,2025-04-24,19:59:30,-07:00,2025-04-24T19:59:30-07:00,0,0
resume.html,53,html,91530442,beachu23,2025-04-24,19:59:30,-07:00,2025-04-24T19:59:30-07:00,0,8
resume.html,54,html,91530442,beachu23,2025-04-24,19:59:30,-07:00,2025-04-24T19:59:30-07:00,0,34
resume.html,55,html,19a609c4,beachu23,2025-04-25,14:31:07,-07:00,2025-04-25T14:31:07-07:00,0,109
resume.html,56,html,91530442,beachu23,2025-04-24,19:59:30,-07:00,2025-04-24T19:59:30-07:00,0,3
resume.html,57,html,19a609c4,beachu23,2025-04-25,14:31:07,-07:00,2025-04-25T14:31:07-07:00,0,85
resume.html,58,html,19a609c4,beachu23,2025-04-25,14:31:07,-07:00,2025-04-25T14:31:07-07:00,0,74
resume.html,59,html,19a609c4,beachu23,2025-04-25,14:31:07,-07:00,2025-04-25T14:31:07-07:00,0,86
resume.html,60,html,91530442,beachu23,2025-04-24,19:59:30,-07:00,2025-04-24T19:59:30-07:00,0,4
resume.html,61,html,91530442,beachu23,2025-04-24,19:59:30,-07:00,2025-04-24T19:59:30-07:00,0,9
resume.html,62,html,91530442,beachu23,2025-04-24,19:59:30,-07:00,2025-04-24T19:59:30-07:00,0,9
resume.html,63,html,91530442,beachu23,2025-04-24,19:59:30,-07:00,2025-04-24T19:59:30-07:00,0,0
resume.html,64,html,91530442,beachu23,2025-04-24,19:59:30,-07:00,2025-04-24T19:59:30-07:00,0,8
resume.html,65,html,91530442,beachu23,2025-04-24,19:59:30,-07:00,2025-04-24T19:59:30-07:00,0,33
resume.html,66,html,19a609c4,beachu23,2025-04-25,14:31:07,-07:00,2025-04-25T14:31:07-07:00,0,21
resume.html,67,html,19a609c4,beachu23,2025-04-25,14:31:07,-07:00,2025-04-25T14:31:07-07:00,0,8
resume.html,68,html,19a609c4,beachu23,2025-04-25,14:31:07,-07:00,2025-04-25T14:31:07-07:00,0,105
resume.html,69,html,19a609c4,beachu23,2025-04-25,14:31:07,-07:00,2025-04-25T14:31:07-07:00,0,88
resume.html,70,html,19a609c4,beachu23,2025-04-25,14:31:07,-07:00,2025-04-25T14:31:07-07:00,0,3
resume.html,71,html,19a609c4,beachu23,2025-04-25,14:31:07,-07:00,2025-04-25T14:31:07-07:00,0,87
resume.html,72,html,19a609c4,beachu23,2025-04-25,14:31:07,-07:00,2025-04-25T14:31:07-07:00,0,93
resume.html,73,html,19a609c4,beachu23,2025-04-25,14:31:07,-07:00,2025-04-25T14:31:07-07:00,0,76
resume.html,74,html,19a609c4,beachu23,2025-04-25,14:31:07,-07:00,2025-04-25T14:31:07-07:00,0,4
resume.html,75,html,19a609c4,beachu23,2025-04-25,14:31:07,-07:00,2025-04-25T14:31:07-07:00,0,9
resume.html,76,html,91530442,beachu23,2025-04-24,19:59:30,-07:00,2025-04-24T19:59:30-07:00,0,0
resume.html,77,html,19a609c4,beachu23,2025-04-25,14:31:07,-07:00,2025-04-25T14:31:07-07:00,0,8
resume.html,78,html,19a609c4,beachu23,2025-04-25,14:31:07,-07:00,2025-04-25T14:31:07-07:00,0,20
resume.html,79,html,19a609c4,beachu23,2025-04-25,14:31:07,-07:00,2025-04-25T14:31:07-07:00,0,44
resume.html,80,html,19a609c4,beachu23,2025-04-25,14:31:07,-07:00,2025-04-25T14:31:07-07:00,0,3
resume.html,81,html,19a609c4,beachu23,2025-04-25,14:31:07,-07:00,2025-04-25T14:31:07-07:00,0,101
resume.html,82,html,19a609c4,beachu23,2025-04-25,14:31:07,-07:00,2025-04-25T14:31:07-07:00,0,82
resume.html,83,html,19a609c4,beachu23,2025-04-25,14:31:07,-07:00,2025-04-25T14:31:07-07:00,0,4
resume.html,84,html,19a609c4,beachu23,2025-04-25,14:31:07,-07:00,2025-04-25T14:31:07-07:00,0,9
resume.html,85,html,91530442,beachu23,2025-04-24,19:59:30,-07:00,2025-04-24T19:59:30-07:00,0,0
resume.html,86,html,19a609c4,beachu23,2025-04-25,14:31:07,-07:00,2025-04-25T14:31:07-07:00,0,8
resume.html,87,html,19a609c4,beachu23,2025-04-25,14:31:07,-07:00,2025-04-25T14:31:07-07:00,0,18
resume.html,88,html,19a609c4,beachu23,2025-04-25,14:31:07,-07:00,2025-04-25T14:31:07-07:00,0,44
resume.html,89,html,19a609c4,beachu23,2025-04-25,14:31:07,-07:00,2025-04-25T14:31:07-07:00,0,3
resume.html,90,html,19a609c4,beachu23,2025-04-25,14:31:07,-07:00,2025-04-25T14:31:07-07:00,0,106
resume.html,91,html,19a609c4,beachu23,2025-04-25,14:31:07,-07:00,2025-04-25T14:31:07-07:00,0,74
resume.html,92,html,19a609c4,beachu23,2025-04-25,14:31:07,-07:00,2025-04-25T14:31:07-07:00,0,4
resume.html,93,html,19a609c4,beachu23,2025-04-25,14:31:07,-07:00,2025-04-25T14:31:07-07:00,0,9
resume.html,94,html,19a609c4,beachu23,2025-04-25,14:31:07,-07:00,2025-04-25T14:31:07-07:00,0,5
resume.html,95,html,91530442,beachu23,2025-04-24,19:59:30,-07:00,2025-04-24T19:59:30-07:00,0,9
resume.html,96,html,91530442,beachu23,2025-04-24,19:59:30,-07:00,2025-04-24T19:59:30-07:00,0,0
resume.html,97,html,91530442,beachu23,2025-04-24,19:59:30,-07:00,2025-04-24T19:59:30-07:00,0,8
resume.html,98,html,91530442,beachu23,2025-04-24,19:59:30,-07:00,2025-04-24T19:59:30-07:00,0,41
resume.html,99,html,91530442,beachu23,2025-04-24,19:59:30,-07:00,2025-04-24T19:59:30-07:00,0,3
resume.html,100,html,91530442,beachu23,2025-04-24,19:59:30,-07:00,2025-04-24T19:59:30-07:00,0,89
resume.html,101,html,19a609c4,beachu23,2025-04-25,14:31:07,-07:00,2025-04-25T14:31:07-07:00,0,95
resume.html,102,html,91530442,beachu23,2025-04-24,19:59:30,-07:00,2025-04-24T19:59:30-07:00,0,97
resume.html,103,html,91530442,beachu23,2025-04-24,19:59:30,-07:00,2025-04-24T19:59:30-07:00,0,4
resume.html,104,html,91530442,beachu23,2025-04-24,19:59:30,-07:00,2025-04-24T19:59:30-07:00,0,9
resume.html,105,html,91530442,beachu23,2025-04-24,19:59:30,-07:00,2025-04-24T19:59:30-07:00,0,6
resume.html,106,html,91530442,beachu23,2025-04-24,19:59:30,-07:00,2025-04-24T19:59:30-07:00,0,6
index.js,1,js,548a7c03,beachu23,2025-04-26,21:31:54,-07:00,2025-04-26T21:31:54-07:00,0,72
index.js,2,js,548a7c03,beachu23,2025-04-26,21:31:54,-07:00,2025-04-26T21:31:54-07:00,0,0
index.js,3,js,548a7c03,beachu23,2025-04-26,21:31:54,-07:00,2025-04-26T21:31:54-07:00,0,55
index.js,4,js,548a7c03,beachu23,2025-04-26,21:31:54,-07:00,2025-04-26T21:31:54-07:00,0,43
index.js,5,js,548a7c03,beachu23,2025-04-26,21:31:54,-07:00,2025-04-26T21:31:54-07:00,0,0
index.js,6,js,548a7c03,beachu23,2025-04-26,21:31:54,-07:00,2025-04-26T21:31:54-07:00,0,61
index.js,7,js,548a7c03,beachu23,2025-04-26,21:31:54,-07:00,2025-04-26T21:31:54-07:00,0,55
index.js,8,js,548a7c03,beachu23,2025-04-26,21:31:54,-07:00,2025-04-26T21:31:54-07:00,0,0
index.js,9,js,548a7c03,beachu23,2025-04-26,21:31:54,-07:00,2025-04-26T21:31:54-07:00,0,69
index.js,10,js,548a7c03,beachu23,2025-04-26,21:31:54,-07:00,2025-04-26T21:31:54-07:00,0,61
index.js,11,js,548a7c03,beachu23,2025-04-26,21:31:54,-07:00,2025-04-26T21:31:54-07:00,0,0
index.js,12,js,548a7c03,beachu23,2025-04-26,21:31:54,-07:00,2025-04-26T21:31:54-07:00,0,18
index.js,13,js,548a7c03,beachu23,2025-04-26,21:31:54,-07:00,2025-04-26T21:31:54-07:00,0,25
index.js,14,js,548a7c03,beachu23,2025-04-26,21:31:54,-07:00,2025-04-26T21:31:54-07:00,0,3
index.js,15,js,548a7c03,beachu23,2025-04-26,21:31:54,-07:00,2025-04-26T21:31:54-07:00,0,56
index.js,16,js,548a7c03,beachu23,2025-04-26,21:31:54,-07:00,2025-04-26T21:31:54-07:00,0,56
index.js,17,js,548a7c03,beachu23,2025-04-26,21:31:54,-07:00,2025-04-26T21:31:54-07:00,0,50
index.js,18,js,548a7c03,beachu23,2025-04-26,21:31:54,-07:00,2025-04-26T21:31:54-07:00,0,50
index.js,19,js,548a7c03,beachu23,2025-04-26,21:31:54,-07:00,2025-04-26T21:31:54-07:00,0,4
index.js,20,js,548a7c03,beachu23,2025-04-26,21:31:54,-07:00,2025-04-26T21:31:54-07:00,0,1
index.js,21,js,548a7c03,beachu23,2025-04-26,21:31:54,-07:00,2025-04-26T21:31:54-07:00,0,0
index.html,1,html,200d4778,beachu23,2025-04-18,22:35:17,-07:00,2025-04-18T22:35:17-07:00,0,14
index.html,2,html,200d4778,beachu23,2025-04-18,22:35:17,-07:00,2025-04-18T22:35:17-07:00,0,15
index.html,3,html,200d4778,beachu23,2025-04-18,22:35:17,-07:00,2025-04-18T22:35:17-07:00,0,5
index.html,4,html,200d4778,beachu23,2025-04-18,22:35:17,-07:00,2025-04-18T22:35:17-07:00,0,21
index.html,5,html,200d4778,beachu23,2025-04-18,22:35:17,-07:00,2025-04-18T22:35:17-07:00,0,69
index.html,6,html,200d4778,beachu23,2025-04-18,22:35:17,-07:00,2025-04-18T22:35:17-07:00,0,54
index.html,7,html,5f42d5a0,beachu23,2025-04-25,20:40:54,-07:00,2025-04-25T20:40:54-07:00,0,39
index.html,8,html,5f42d5a0,beachu23,2025-04-25,20:40:54,-07:00,2025-04-25T20:40:54-07:00,0,46
index.html,9,html,200d4778,beachu23,2025-04-18,22:35:17,-07:00,2025-04-18T22:35:17-07:00,0,6
index.html,10,html,c60a4313,beachu23,2025-04-24,21:49:08,-07:00,2025-04-24T21:49:08-07:00,0,61
index.html,11,html,91530442,beachu23,2025-04-24,19:59:30,-07:00,2025-04-24T19:59:30-07:00,0,21
index.html,12,html,c60a4313,beachu23,2025-04-24,21:49:08,-07:00,2025-04-24T21:49:08-07:00,0,134
index.html,13,html,5f42d5a0,beachu23,2025-04-25,20:40:54,-07:00,2025-04-25T20:40:54-07:00,0,75
index.html,14,html,548a7c03,beachu23,2025-04-26,21:31:54,-07:00,2025-04-26T21:31:54-07:00,0,23
index.html,15,html,548a7c03,beachu23,2025-04-26,21:31:54,-07:00,2025-04-26T21:31:54-07:00,0,27
index.html,16,html,548a7c03,beachu23,2025-04-26,21:31:54,-07:00,2025-04-26T21:31:54-07:00,0,0
index.html,17,html,548a7c03,beachu23,2025-04-26,21:31:54,-07:00,2025-04-26T21:31:54-07:00,0,22
index.html,18,html,548a7c03,beachu23,2025-04-26,21:31:54,-07:00,2025-04-26T21:31:54-07:00,0,29
index.html,19,html,548a7c03,beachu23,2025-04-26,21:31:54,-07:00,2025-04-26T21:31:54-07:00,0,0
index.html,20,html,548a7c03,beachu23,2025-04-26,21:31:54,-07:00,2025-04-26T21:31:54-07:00,0,48
index.html,21,html,548a7c03,beachu23,2025-04-26,21:31:54,-07:00,2025-04-26T21:31:54-07:00,0,53
index.html,22,html,548a7c03,beachu23,2025-04-26,21:31:54,-07:00,2025-04-26T21:31:54-07:00,0,0
index.html,23,html,200d4778,beachu23,2025-04-18,22:35:17,-07:00,2025-04-18T22:35:17-07:00,0,6
index.html,24,html,5f42d5a0,beachu23,2025-04-25,20:40:54,-07:00,2025-04-25T20:40:54-07:00,0,6
index.html,25,html,548a7c03,beachu23,2025-04-26,21:31:54,-07:00,2025-04-26T21:31:54-07:00,0,0
index.html,26,html,548a7c03,beachu23,2025-04-26,21:31:54,-07:00,2025-04-26T21:31:54-07:00,0,0
global.js,1,js,5f42d5a0,beachu23,2025-04-25,20:40:54,-07:00,2025-04-25T20:40:54-07:00,0,11
global.js,2,js,695eb4c8,beachu23,2025-04-25,20:03:44,-07:00,2025-04-25T20:03:44-07:00,0,26
global.js,3,js,695eb4c8,beachu23,2025-04-25,20:03:44,-07:00,2025-04-25T20:03:44-07:00,0,0
global.js,4,js,695eb4c8,beachu23,2025-04-25,20:03:44,-07:00,2025-04-25T20:03:44-07:00,0,42
global.js,5,js,695eb4c8,beachu23,2025-04-25,20:03:44,-07:00,2025-04-25T20:03:44-07:00,0,53
global.js,6,js,5f42d5a0,beachu23,2025-04-25,20:40:54,-07:00,2025-04-25T20:40:54-07:00,0,0
global.js,7,js,5f42d5a0,beachu23,2025-04-25,20:40:54,-07:00,2025-04-25T20:40:54-07:00,0,0
global.js,8,js,5f42d5a0,beachu23,2025-04-25,20:40:54,-07:00,2025-04-25T20:40:54-07:00,0,12
global.js,9,js,5f42d5a0,beachu23,2025-04-25,20:40:54,-07:00,2025-04-25T20:40:54-07:00,0,26
global.js,10,js,5f42d5a0,beachu23,2025-04-25,20:40:54,-07:00,2025-04-25T20:40:54-07:00,0,39
global.js,11,js,5f42d5a0,beachu23,2025-04-25,20:40:54,-07:00,2025-04-25T20:40:54-07:00,0,37
global.js,12,js,548a7c03,beachu23,2025-04-26,21:31:54,-07:00,2025-04-26T21:31:54-07:00,0,39
global.js,13,js,5f42d5a0,beachu23,2025-04-25,20:40:54,-07:00,2025-04-25T20:40:54-07:00,0,55
global.js,14,js,5f42d5a0,beachu23,2025-04-25,20:40:54,-07:00,2025-04-25T20:40:54-07:00,0,1
global.js,15,js,5f42d5a0,beachu23,2025-04-25,20:40:54,-07:00,2025-04-25T20:40:54-07:00,0,0
global.js,16,js,5f42d5a0,beachu23,2025-04-25,20:40:54,-07:00,2025-04-25T20:40:54-07:00,0,89
global.js,17,js,5f42d5a0,beachu23,2025-04-25,20:40:54,-07:00,2025-04-25T20:40:54-07:00,0,4
global.js,18,js,5f42d5a0,beachu23,2025-04-25,20:40:54,-07:00,2025-04-25T20:40:54-07:00,0,15
global.js,19,js,5f42d5a0,beachu23,2025-04-25,20:40:54,-07:00,2025-04-25T20:40:54-07:00,0,0
global.js,20,js,5f42d5a0,beachu23,2025-04-25,20:40:54,-07:00,2025-04-25T20:40:54-07:00,0,39
global.js,21,js,5f42d5a0,beachu23,2025-04-25,20:40:54,-07:00,2025-04-25T20:40:54-07:00,0,26
global.js,22,js,5f42d5a0,beachu23,2025-04-25,20:40:54,-07:00,2025-04-25T20:40:54-07:00,0,0
global.js,23,js,5f42d5a0,beachu23,2025-04-25,20:40:54,-07:00,2025-04-25T20:40:54-07:00,0,21
global.js,24,js,5f42d5a0,beachu23,2025-04-25,20:40:54,-07:00,2025-04-25T20:40:54-07:00,0,15
global.js,25,js,5f42d5a0,beachu23,2025-04-25,20:40:54,-07:00,2025-04-25T20:40:54-07:00,0,29
global.js,26,js,5f42d5a0,beachu23,2025-04-25,20:40:54,-07:00,2025-04-25T20:40:54-07:00,0,21
global.js,27,js,5f42d5a0,beachu23,2025-04-25,20:40:54,-07:00,2025-04-25T20:40:54-07:00,0,0
global.js,28,js,5f42d5a0,beachu23,2025-04-25,20:40:54,-07:00,2025-04-25T20:40:54-07:00,0,0
global.js,29,js,5f42d5a0,beachu23,2025-04-25,20:40:54,-07:00,2025-04-25T20:40:54-07:00,0,35
global.js,30,js,5f42d5a0,beachu23,2025-04-25,20:40:54,-07:00,2025-04-25T20:40:54-07:00,0,12
global.js,31,js,5f42d5a0,beachu23,2025-04-25,20:40:54,-07:00,2025-04-25T20:40:54-07:00,0,23
global.js,32,js,5f42d5a0,beachu23,2025-04-25,20:40:54,-07:00,2025-04-25T20:40:54-07:00,0,13
global.js,33,js,5f42d5a0,beachu23,2025-04-25,20:40:54,-07:00,2025-04-25T20:40:54-07:00,0,0
global.js,34,js,5f42d5a0,beachu23,2025-04-25,20:40:54,-07:00,2025-04-25T20:40:54-07:00,0,28
global.js,35,js,5f42d5a0,beachu23,2025-04-25,20:40:54,-07:00,2025-04-25T20:40:54-07:00,0,18
global.js,36,js,5f42d5a0,beachu23,2025-04-25,20:40:54,-07:00,2025-04-25T20:40:54-07:00,0,9
global.js,37,js,5f42d5a0,beachu23,2025-04-25,20:40:54,-07:00,2025-04-25T20:40:54-07:00,0,60
global.js,38,js,5f42d5a0,beachu23,2025-04-25,20:40:54,-07:00,2025-04-25T20:40:54-07:00,0,1
global.js,39,js,5f42d5a0,beachu23,2025-04-25,20:40:54,-07:00,2025-04-25T20:40:54-07:00,0,0
global.js,40,js,5f42d5a0,beachu23,2025-04-25,20:40:54,-07:00,2025-04-25T20:40:54-07:00,0,32
global.js,41,js,5f42d5a0,beachu23,2025-04-25,20:40:54,-07:00,2025-04-25T20:40:54-07:00,0,30
global.js,42,js,5f42d5a0,beachu23,2025-04-25,20:40:54,-07:00,2025-04-25T20:40:54-07:00,0,19
global.js,43,js,5f42d5a0,beachu23,2025-04-25,20:40:54,-07:00,2025-04-25T20:40:54-07:00,0,0
global.js,44,js,5f42d5a0,beachu23,2025-04-25,20:40:54,-07:00,2025-04-25T20:40:54-07:00,0,0
global.js,45,js,5f42d5a0,beachu23,2025-04-25,20:40:54,-07:00,2025-04-25T20:40:54-07:00,0,0
global.js,46,js,5f42d5a0,beachu23,2025-04-25,20:40:54,-07:00,2025-04-25T20:40:54-07:00,0,32
global.js,47,js,5f42d5a0,beachu23,2025-04-25,20:40:54,-07:00,2025-04-25T20:40:54-07:00,0,12
global.js,48,js,5f42d5a0,beachu23,2025-04-25,20:40:54,-07:00,2025-04-25T20:40:54-07:00,0,0
global.js,49,js,5f42d5a0,beachu23,2025-04-25,20:40:54,-07:00,2025-04-25T20:40:54-07:00,0,27
global.js,50,js,5f42d5a0,beachu23,2025-04-25,20:40:54,-07:00,2025-04-25T20:40:54-07:00,0,5
global.js,51,js,5f42d5a0,beachu23,2025-04-25,20:40:54,-07:00,2025-04-25T20:40:54-07:00,0,7
global.js,52,js,5f42d5a0,beachu23,2025-04-25,20:40:54,-07:00,2025-04-25T20:40:54-07:00,0,44
global.js,53,js,5f42d5a0,beachu23,2025-04-25,20:40:54,-07:00,2025-04-25T20:40:54-07:00,0,35
global.js,54,js,5f42d5a0,beachu23,2025-04-25,20:40:54,-07:00,2025-04-25T20:40:54-07:00,0,33
global.js,55,js,5f42d5a0,beachu23,2025-04-25,20:40:54,-07:00,2025-04-25T20:40:54-07:00,0,8
global.js,56,js,5f42d5a0,beachu23,2025-04-25,20:40:54,-07:00,2025-04-25T20:40:54-07:00,0,7
global.js,57,js,5f42d5a0,beachu23,2025-04-25,20:40:54,-07:00,2025-04-25T20:40:54-07:00,0,0
global.js,58,js,5f42d5a0,beachu23,2025-04-25,20:40:54,-07:00,2025-04-25T20:40:54-07:00,0,1
global.js,59,js,5f42d5a0,beachu23,2025-04-25,20:40:54,-07:00,2025-04-25T20:40:54-07:00,0,0
global.js,60,js,5f42d5a0,beachu23,2025-04-25,20:40:54,-07:00,2025-04-25T20:40:54-07:00,0,45
global.js,61,js,5f42d5a0,beachu23,2025-04-25,20:40:54,-07:00,2025-04-25T20:40:54-07:00,0,0
global.js,62,js,5f42d5a0,beachu23,2025-04-25,20:40:54,-07:00,2025-04-25T20:40:54-07:00,0,49
global.js,63,js,5f42d5a0,beachu23,2025-04-25,20:40:54,-07:00,2025-04-25T20:40:54-07:00,0,78
global.js,64,js,5f42d5a0,beachu23,2025-04-25,20:40:54,-07:00,2025-04-25T20:40:54-07:00,0,45
global.js,65,js,5f42d5a0,beachu23,2025-04-25,20:40:54,-07:00,2025-04-25T20:40:54-07:00,0,2
global.js,66,js,5f42d5a0,beachu23,2025-04-25,20:40:54,-07:00,2025-04-25T20:40:54-07:00,0,0
global.js,67,js,5f42d5a0,beachu23,2025-04-25,20:40:54,-07:00,2025-04-25T20:40:54-07:00,0,35
global.js,68,js,5f42d5a0,beachu23,2025-04-25,20:40:54,-07:00,2025-04-25T20:40:54-07:00,0,84
global.js,69,js,5f42d5a0,beachu23,2025-04-25,20:40:54,-07:00,2025-04-25T20:40:54-07:00,0,39
global.js,70,js,5f42d5a0,beachu23,2025-04-25,20:40:54,-07:00,2025-04-25T20:40:54-07:00,0,0
global.js,71,js,548a7c03,beachu23,2025-04-26,21:31:54,-07:00,2025-04-26T21:31:54-07:00,0,0
global.js,72,js,548a7c03,beachu23,2025-04-26,21:31:54,-07:00,2025-04-26T21:31:54-07:00,0,37
global.js,73,js,548a7c03,beachu23,2025-04-26,21:31:54,-07:00,2025-04-26T21:31:54-07:00,0,4
global.js,74,js,548a7c03,beachu23,2025-04-26,21:31:54,-07:00,2025-04-26T21:31:54-07:00,0,33
global.js,75,js,1f365095,beachu23,2025-04-26,21:46:16,-07:00,2025-04-26T21:46:16-07:00,0,0
global.js,76,js,1f365095,beachu23,2025-04-26,21:46:16,-07:00,2025-04-26T21:46:16-07:00,0,18
global.js,77,js,1f365095,beachu23,2025-04-26,21:46:16,-07:00,2025-04-26T21:46:16-07:00,0,67
global.js,78,js,1f365095,beachu23,2025-04-26,21:46:16,-07:00,2025-04-26T21:46:16-07:00,0,0
global.js,79,js,1f365095,beachu23,2025-04-26,21:46:16,-07:00,2025-04-26T21:46:16-07:00,0,0
global.js,80,js,1f365095,beachu23,2025-04-26,21:46:16,-07:00,2025-04-26T21:46:16-07:00,0,34
global.js,81,js,1f365095,beachu23,2025-04-26,21:46:16,-07:00,2025-04-26T21:46:16-07:00,0,11
global.js,82,js,548a7c03,beachu23,2025-04-26,21:31:54,-07:00,2025-04-26T21:31:54-07:00,0,16
global.js,83,js,548a7c03,beachu23,2025-04-26,21:31:54,-07:00,2025-04-26T21:31:54-07:00,0,60
global.js,84,js,548a7c03,beachu23,2025-04-26,21:31:54,-07:00,2025-04-26T21:31:54-07:00,0,0
global.js,85,js,548a7c03,beachu23,2025-04-26,21:31:54,-07:00,2025-04-26T21:31:54-07:00,0,0
global.js,86,js,548a7c03,beachu23,2025-04-26,21:31:54,-07:00,2025-04-26T21:31:54-07:00,0,0
global.js,87,js,1f365095,beachu23,2025-04-26,21:46:16,-07:00,2025-04-26T21:46:16-07:00,0,80
global.js,88,js,1f365095,beachu23,2025-04-26,21:46:16,-07:00,2025-04-26T21:46:16-07:00,0,31
global.js,89,js,1f365095,beachu23,2025-04-26,21:46:16,-07:00,2025-04-26T21:46:16-07:00,0,0
global.js,90,js,1f365095,beachu23,2025-04-26,21:46:16,-07:00,2025-04-26T21:46:16-07:00,0,30
global.js,91,js,1f365095,beachu23,2025-04-26,21:46:16,-07:00,2025-04-26T21:46:16-07:00,0,49
global.js,92,js,8d4f3275,beachu23,2025-05-03,18:45:58,-07:00,2025-05-03T18:45:58-07:00,0,0
global.js,93,js,1f365095,beachu23,2025-04-26,21:46:16,-07:00,2025-04-26T21:46:16-07:00,0,20
global.js,94,js,1f365095,beachu23,2025-04-26,21:46:16,-07:00,2025-04-26T21:46:16-07:00,0,50
global.js,95,js,1f365095,beachu23,2025-04-26,21:46:16,-07:00,2025-04-26T21:46:16-07:00,0,50
global.js,96,js,8d4f3275,beachu23,2025-05-03,18:45:58,-07:00,2025-05-03T18:45:58-07:00,0,32
global.js,97,js,8d4f3275,beachu23,2025-05-03,18:45:58,-07:00,2025-05-03T18:45:58-07:00,0,28
global.js,98,js,8d4f3275,beachu23,2025-05-03,18:45:58,-07:00,2025-05-03T18:45:58-07:00,0,42
global.js,99,js,8d4f3275,beachu23,2025-05-03,18:45:58,-07:00,2025-05-03T18:45:58-07:00,0,5
global.js,100,js,1f365095,beachu23,2025-04-26,21:46:16,-07:00,2025-04-26T21:46:16-07:00,0,1
global.js,101,js,8d4f3275,beachu23,2025-05-03,18:45:58,-07:00,2025-05-03T18:45:58-07:00,0,0
global.js,102,js,1f365095,beachu23,2025-04-26,21:46:16,-07:00,2025-04-26T21:46:16-07:00,0,37
global.js,103,js,1f365095,beachu23,2025-04-26,21:46:16,-07:00,2025-04-26T21:46:16-07:00,0,0
global.js,104,js,548a7c03,beachu23,2025-04-26,21:31:54,-07:00,2025-04-26T21:31:54-07:00,0,0
global.js,105,js,548a7c03,beachu23,2025-04-26,21:31:54,-07:00,2025-04-26T21:31:54-07:00,0,0
global.js,106,js,1f365095,beachu23,2025-04-26,21:46:16,-07:00,2025-04-26T21:46:16-07:00,0,0
global.js,107,js,548a7c03,beachu23,2025-04-26,21:31:54,-07:00,2025-04-26T21:31:54-07:00,0,0
global.js,108,js,8d4f3275,beachu23,2025-05-03,18:45:58,-07:00,2025-05-03T18:45:58-07:00,0,0
global.js,109,js,548a7c03,beachu23,2025-04-26,21:31:54,-07:00,2025-04-26T21:31:54-07:00,0,48
global.js,110,js,548a7c03,beachu23,2025-04-26,21:31:54,-07:00,2025-04-26T21:31:54-07:00,0,60
global.js,111,js,548a7c03,beachu23,2025-04-26,21:31:54,-07:00,2025-04-26T21:31:54-07:00,0,0
projects\projects.js,1,js,8d4f3275,beachu23,2025-05-03,18:45:58,-07:00,2025-05-03T18:45:58-07:00,0,64
projects\projects.js,2,js,548a7c03,beachu23,2025-04-26,21:31:54,-07:00,2025-04-26T21:31:54-07:00,0,56
projects\projects.js,3,js,8d4f3275,beachu23,2025-05-03,18:45:58,-07:00,2025-05-03T18:45:58-07:00,0,0
projects\projects.js,4,js,548a7c03,beachu23,2025-04-26,21:31:54,-07:00,2025-04-26T21:31:54-07:00,0,56
projects\projects.js,5,js,548a7c03,beachu23,2025-04-26,21:31:54,-07:00,2025-04-26T21:31:54-07:00,0,61
projects\projects.js,6,js,8d4f3275,beachu23,2025-05-03,18:45:58,-07:00,2025-05-03T18:45:58-07:00,0,56
projects\projects.js,7,js,8d4f3275,beachu23,2025-05-03,18:45:58,-07:00,2025-05-03T18:45:58-07:00,0,42
projects\projects.js,8,js,8d4f3275,beachu23,2025-05-03,18:45:58,-07:00,2025-05-03T18:45:58-07:00,0,22
projects\projects.js,9,js,8d4f3275,beachu23,2025-05-03,18:45:58,-07:00,2025-05-03T18:45:58-07:00,0,14
projects\projects.js,10,js,8d4f3275,beachu23,2025-05-03,18:45:58,-07:00,2025-05-03T18:45:58-07:00,0,0
projects\projects.js,11,js,8d4f3275,beachu23,2025-05-03,18:45:58,-07:00,2025-05-03T18:45:58-07:00,0,63
projects\projects.js,12,js,8d4f3275,beachu23,2025-05-03,18:45:58,-07:00,2025-05-03T18:45:58-07:00,0,38
projects\projects.js,13,js,8d4f3275,beachu23,2025-05-03,18:45:58,-07:00,2025-05-03T18:45:58-07:00,0,0
projects\projects.js,14,js,8d4f3275,beachu23,2025-05-03,18:45:58,-07:00,2025-05-03T18:45:58-07:00,0,49
projects\projects.js,15,js,8d4f3275,beachu23,2025-05-03,18:45:58,-07:00,2025-05-03T18:45:58-07:00,0,40
projects\projects.js,16,js,8d4f3275,beachu23,2025-05-03,18:45:58,-07:00,2025-05-03T18:45:58-07:00,0,54
projects\projects.js,17,js,8d4f3275,beachu23,2025-05-03,18:45:58,-07:00,2025-05-03T18:45:58-07:00,0,61
projects\projects.js,18,js,8d4f3275,beachu23,2025-05-03,18:45:58,-07:00,2025-05-03T18:45:58-07:00,0,29
projects\projects.js,19,js,8d4f3275,beachu23,2025-05-03,18:45:58,-07:00,2025-05-03T18:45:58-07:00,0,2
projects\projects.js,20,js,8d4f3275,beachu23,2025-05-03,18:45:58,-07:00,2025-05-03T18:45:58-07:00,0,0
projects\projects.js,21,js,8d4f3275,beachu23,2025-05-03,18:45:58,-07:00,2025-05-03T18:45:58-07:00,0,63
projects\projects.js,22,js,8d4f3275,beachu23,2025-05-03,18:45:58,-07:00,2025-05-03T18:45:58-07:00,0,38
projects\projects.js,23,js,8d4f3275,beachu23,2025-05-03,18:45:58,-07:00,2025-05-03T18:45:58-07:00,0,2
projects\projects.js,24,js,8d4f3275,beachu23,2025-05-03,18:45:58,-07:00,2025-05-03T18:45:58-07:00,0,0
projects\projects.js,25,js,8d4f3275,beachu23,2025-05-03,18:45:58,-07:00,2025-05-03T18:45:58-07:00,0,39
projects\projects.js,26,js,8d4f3275,beachu23,2025-05-03,18:45:58,-07:00,2025-05-03T18:45:58-07:00,0,43
projects\projects.js,27,js,8d4f3275,beachu23,2025-05-03,18:45:58,-07:00,2025-05-03T18:45:58-07:00,0,30
projects\projects.js,28,js,8d4f3275,beachu23,2025-05-03,18:45:58,-07:00,2025-05-03T18:45:58-07:00,0,0
projects\projects.js,29,js,8d4f3275,beachu23,2025-05-03,18:45:58,-07:00,2025-05-03T18:45:58-07:00,0,35
projects\projects.js,30,js,8d4f3275,beachu23,2025-05-03,18:45:58,-07:00,2025-05-03T18:45:58-07:00,0,31
projects\projects.js,31,js,8d4f3275,beachu23,2025-05-03,18:45:58,-07:00,2025-05-03T18:45:58-07:00,0,0
projects\projects.js,32,js,8d4f3275,beachu23,2025-05-03,18:45:58,-07:00,2025-05-03T18:45:58-07:00,0,29
projects\projects.js,33,js,8d4f3275,beachu23,2025-05-03,18:45:58,-07:00,2025-05-03T18:45:58-07:00,0,13
projects\projects.js,34,js,8d4f3275,beachu23,2025-05-03,18:45:58,-07:00,2025-05-03T18:45:58-07:00,0,15
projects\projects.js,35,js,8d4f3275,beachu23,2025-05-03,18:45:58,-07:00,2025-05-03T18:45:58-07:00,0,12
projects\projects.js,36,js,8d4f3275,beachu23,2025-05-03,18:45:58,-07:00,2025-05-03T18:45:58-07:00,0,1
projects\projects.js,37,js,8d4f3275,beachu23,2025-05-03,18:45:58,-07:00,2025-05-03T18:45:58-07:00,0,0
projects\projects.js,38,js,8d4f3275,beachu23,2025-05-03,18:45:58,-07:00,2025-05-03T18:45:58-07:00,0,48
projects\projects.js,39,js,8d4f3275,beachu23,2025-05-03,18:45:58,-07:00,2025-05-03T18:45:58-07:00,0,11
projects\projects.js,40,js,8d4f3275,beachu23,2025-05-03,18:45:58,-07:00,2025-05-03T18:45:58-07:00,0,12
projects\projects.js,41,js,8d4f3275,beachu23,2025-05-03,18:45:58,-07:00,2025-05-03T18:45:58-07:00,0,3
projects\projects.js,42,js,8d4f3275,beachu23,2025-05-03,18:45:58,-07:00,2025-05-03T18:45:58-07:00,0,0
projects\projects.js,43,js,8d4f3275,beachu23,2025-05-03,18:45:58,-07:00,2025-05-03T18:45:58-07:00,0,50
projects\projects.js,44,js,8d4f3275,beachu23,2025-05-03,18:45:58,-07:00,2025-05-03T18:45:58-07:00,0,60
projects\projects.js,45,js,8d4f3275,beachu23,2025-05-03,18:45:58,-07:00,2025-05-03T18:45:58-07:00,0,53
projects\projects.js,46,js,8d4f3275,beachu23,2025-05-03,18:45:58,-07:00,2025-05-03T18:45:58-07:00,0,36
projects\projects.js,47,js,8d4f3275,beachu23,2025-05-03,18:45:58,-07:00,2025-05-03T18:45:58-07:00,0,48
projects\projects.js,48,js,8d4f3275,beachu23,2025-05-03,18:45:58,-07:00,2025-05-03T18:45:58-07:00,0,0
projects\projects.js,49,js,8d4f3275,beachu23,2025-05-03,18:45:58,-07:00,2025-05-03T18:45:58-07:00,0,25
projects\projects.js,50,js,8d4f3275,beachu23,2025-05-03,18:45:58,-07:00,2025-05-03T18:45:58-07:00,0,2
projects\projects.js,51,js,8d4f3275,beachu23,2025-05-03,18:45:58,-07:00,2025-05-03T18:45:58-07:00,0,14
projects\projects.js,52,js,8d4f3275,beachu23,2025-05-03,18:45:58,-07:00,2025-05-03T18:45:58-07:00,0,14
projects\projects.js,53,js,8d4f3275,beachu23,2025-05-03,18:45:58,-07:00,2025-05-03T18:45:58-07:00,0,23
projects\projects.js,54,js,8d4f3275,beachu23,2025-05-03,18:45:58,-07:00,2025-05-03T18:45:58-07:00,0,52
projects\projects.js,55,js,8d4f3275,beachu23,2025-05-03,18:45:58,-07:00,2025-05-03T18:45:58-07:00,0,19
projects\projects.js,56,js,8d4f3275,beachu23,2025-05-03,18:45:58,-07:00,2025-05-03T18:45:58-07:00,0,44
projects\projects.js,57,js,8d4f3275,beachu23,2025-05-03,18:45:58,-07:00,2025-05-03T18:45:58-07:00,0,0
projects\projects.js,58,js,8d4f3275,beachu23,2025-05-03,18:45:58,-07:00,2025-05-03T18:45:58-07:00,0,2
projects\projects.js,59,js,8d4f3275,beachu23,2025-05-03,18:45:58,-07:00,2025-05-03T18:45:58-07:00,0,17
projects\projects.js,60,js,8d4f3275,beachu23,2025-05-03,18:45:58,-07:00,2025-05-03T18:45:58-07:00,0,69
projects\projects.js,61,js,8d4f3275,beachu23,2025-05-03,18:45:58,-07:00,2025-05-03T18:45:58-07:00,0,0
projects\projects.js,62,js,8d4f3275,beachu23,2025-05-03,18:45:58,-07:00,2025-05-03T18:45:58-07:00,0,5
projects\projects.js,63,js,8d4f3275,beachu23,2025-05-03,18:45:58,-07:00,2025-05-03T18:45:58-07:00,0,15
projects\projects.js,64,js,8d4f3275,beachu23,2025-05-03,18:45:58,-07:00,2025-05-03T18:45:58-07:00,0,69
projects\projects.js,65,js,8d4f3275,beachu23,2025-05-03,18:45:58,-07:00,2025-05-03T18:45:58-07:00,0,0
projects\projects.js,66,js,8d4f3275,beachu23,2025-05-03,18:45:58,-07:00,2025-05-03T18:45:58-07:00,0,26
projects\projects.js,67,js,8d4f3275,beachu23,2025-05-03,18:45:58,-07:00,2025-05-03T18:45:58-07:00,0,63
projects\projects.js,68,js,8d4f3275,beachu23,2025-05-03,18:45:58,-07:00,2025-05-03T18:45:58-07:00,0,7
projects\projects.js,69,js,8d4f3275,beachu23,2025-05-03,18:45:58,-07:00,2025-05-03T18:45:58-07:00,0,46
projects\projects.js,70,js,8d4f3275,beachu23,2025-05-03,18:45:58,-07:00,2025-05-03T18:45:58-07:00,0,40
projects\projects.js,71,js,8d4f3275,beachu23,2025-05-03,18:45:58,-07:00,2025-05-03T18:45:58-07:00,0,55
projects\projects.js,72,js,8d4f3275,beachu23,2025-05-03,18:45:58,-07:00,2025-05-03T18:45:58-07:00,0,56
projects\projects.js,73,js,8d4f3275,beachu23,2025-05-03,18:45:58,-07:00,2025-05-03T18:45:58-07:00,0,2
projects\projects.js,74,js,8d4f3275,beachu23,2025-05-03,18:45:58,-07:00,2025-05-03T18:45:58-07:00,0,49
projects\projects.js,75,js,8d4f3275,beachu23,2025-05-03,18:45:58,-07:00,2025-05-03T18:45:58-07:00,0,0
projects\projects.js,76,js,8d4f3275,beachu23,2025-05-03,18:45:58,-07:00,2025-05-03T18:45:58-07:00,0,2
projects\projects.js,77,js,8d4f3275,beachu23,2025-05-03,18:45:58,-07:00,2025-05-03T18:45:58-07:00,0,2
projects\projects.js,78,js,8d4f3275,beachu23,2025-05-03,18:45:58,-07:00,2025-05-03T18:45:58-07:00,0,0
projects\projects.js,79,js,8d4f3275,beachu23,2025-05-03,18:45:58,-07:00,2025-05-03T18:45:58-07:00,0,23
projects\projects.js,80,js,8d4f3275,beachu23,2025-05-03,18:45:58,-07:00,2025-05-03T18:45:58-07:00,0,5
projects\projects.js,81,js,8d4f3275,beachu23,2025-05-03,18:45:58,-07:00,2025-05-03T18:45:58-07:00,0,12
projects\projects.js,82,js,8d4f3275,beachu23,2025-05-03,18:45:58,-07:00,2025-05-03T18:45:58-07:00,0,37
projects\projects.js,83,js,8d4f3275,beachu23,2025-05-03,18:45:58,-07:00,2025-05-03T18:45:58-07:00,0,52
projects\projects.js,84,js,8d4f3275,beachu23,2025-05-03,18:45:58,-07:00,2025-05-03T18:45:58-07:00,0,70
projects\projects.js,85,js,8d4f3275,beachu23,2025-05-03,18:45:58,-07:00,2025-05-03T18:45:58-07:00,0,2
projects\projects.js,86,js,8d4f3275,beachu23,2025-05-03,18:45:58,-07:00,2025-05-03T18:45:58-07:00,0,0
projects\index.html,1,html,91530442,beachu23,2025-04-24,19:59:30,-07:00,2025-04-24T19:59:30-07:00,0,14
projects\index.html,2,html,91530442,beachu23,2025-04-24,19:59:30,-07:00,2025-04-24T19:59:30-07:00,0,15
projects\index.html,3,html,91530442,beachu23,2025-04-24,19:59:30,-07:00,2025-04-24T19:59:30-07:00,0,5
projects\index.html,4,html,8d4f3275,beachu23,2025-05-03,18:45:58,-07:00,2025-05-03T18:45:58-07:00,0,23
projects\index.html,5,html,8d4f3275,beachu23,2025-05-03,18:45:58,-07:00,2025-05-03T18:45:58-07:00,0,71
projects\index.html,6,html,8d4f3275,beachu23,2025-05-03,18:45:58,-07:00,2025-05-03T18:45:58-07:00,0,22
projects\index.html,7,html,8d4f3275,beachu23,2025-05-03,18:45:58,-07:00,2025-05-03T18:45:58-07:00,0,44
projects\index.html,8,html,8d4f3275,beachu23,2025-05-03,18:45:58,-07:00,2025-05-03T18:45:58-07:00,0,49
projects\index.html,9,html,8d4f3275,beachu23,2025-05-03,18:45:58,-07:00,2025-05-03T18:45:58-07:00,0,48
projects\index.html,10,html,91530442,beachu23,2025-04-24,19:59:30,-07:00,2025-04-24T19:59:30-07:00,0,6
projects\index.html,11,html,91530442,beachu23,2025-04-24,19:59:30,-07:00,2025-04-24T19:59:30-07:00,0,5
projects\index.html,12,html,8d4f3275,beachu23,2025-05-03,18:45:58,-07:00,2025-05-03T18:45:58-07:00,0,16
projects\index.html,13,html,8d4f3275,beachu23,2025-05-03,18:45:58,-07:00,2025-05-03T18:45:58-07:00,0,0
projects\index.html,14,html,8d4f3275,beachu23,2025-05-03,18:45:58,-07:00,2025-05-03T18:45:58-07:00,0,22
projects\index.html,15,html,8d4f3275,beachu23,2025-05-03,18:45:58,-07:00,2025-05-03T18:45:58-07:00,0,59
projects\index.html,16,html,8d4f3275,beachu23,2025-05-03,18:45:58,-07:00,2025-05-03T18:45:58-07:00,0,23
projects\index.html,17,html,8d4f3275,beachu23,2025-05-03,18:45:58,-07:00,2025-05-03T18:45:58-07:00,0,5
projects\index.html,18,html,8d4f3275,beachu23,2025-05-03,18:45:58,-07:00,2025-05-03T18:45:58-07:00,0,0
projects\index.html,19,html,8d4f3275,beachu23,2025-05-03,18:45:58,-07:00,2025-05-03T18:45:58-07:00,0,5
projects\index.html,20,html,8d4f3275,beachu23,2025-05-03,18:45:58,-07:00,2025-05-03T18:45:58-07:00,0,16
projects\index.html,21,html,8d4f3275,beachu23,2025-05-03,18:45:58,-07:00,2025-05-03T18:45:58-07:00,0,12
projects\index.html,22,html,8d4f3275,beachu23,2025-05-03,18:45:58,-07:00,2025-05-03T18:45:58-07:00,0,27
projects\index.html,23,html,8d4f3275,beachu23,2025-05-03,18:45:58,-07:00,2025-05-03T18:45:58-07:00,0,32
projects\index.html,24,html,8d4f3275,beachu23,2025-05-03,18:45:58,-07:00,2025-05-03T18:45:58-07:00,0,1
projects\index.html,25,html,8d4f3275,beachu23,2025-05-03,18:45:58,-07:00,2025-05-03T18:45:58-07:00,0,0
projects\index.html,26,html,8d4f3275,beachu23,2025-05-03,18:45:58,-07:00,2025-05-03T18:45:58-07:00,0,27
projects\index.html,27,html,91530442,beachu23,2025-04-24,19:59:30,-07:00,2025-04-24T19:59:30-07:00,0,6
projects\index.html,28,html,548a7c03,beachu23,2025-04-26,21:31:54,-07:00,2025-04-26T21:31:54-07:00,0,6
contact\index.html,1,html,91530442,beachu23,2025-04-24,19:59:30,-07:00,2025-04-24T19:59:30-07:00,0,14
contact\index.html,2,html,91530442,beachu23,2025-04-24,19:59:30,-07:00,2025-04-24T19:59:30-07:00,0,15
contact\index.html,3,html,91530442,beachu23,2025-04-24,19:59:30,-07:00,2025-04-24T19:59:30-07:00,0,5
contact\index.html,4,html,91530442,beachu23,2025-04-24,19:59:30,-07:00,2025-04-24T19:59:30-07:00,0,21
contact\index.html,5,html,91530442,beachu23,2025-04-24,19:59:30,-07:00,2025-04-24T19:59:30-07:00,0,69
contact\index.html,6,html,5f42d5a0,beachu23,2025-04-25,20:40:54,-07:00,2025-04-25T20:40:54-07:00,0,21
contact\index.html,7,html,695eb4c8,beachu23,2025-04-25,20:03:44,-07:00,2025-04-25T20:03:44-07:00,0,42
contact\index.html,8,html,5f42d5a0,beachu23,2025-04-25,20:40:54,-07:00,2025-04-25T20:40:54-07:00,0,49
contact\index.html,9,html,91530442,beachu23,2025-04-24,19:59:30,-07:00,2025-04-24T19:59:30-07:00,0,6
contact\index.html,10,html,91530442,beachu23,2025-04-24,19:59:30,-07:00,2025-04-24T19:59:30-07:00,0,5
contact\index.html,11,html,5f42d5a0,beachu23,2025-04-25,20:40:54,-07:00,2025-04-25T20:40:54-07:00,0,15
contact\index.html,12,html,5f42d5a0,beachu23,2025-04-25,20:40:54,-07:00,2025-04-25T20:40:54-07:00,0,0
contact\index.html,13,html,5f42d5a0,beachu23,2025-04-25,20:40:54,-07:00,2025-04-25T20:40:54-07:00,0,57
contact\index.html,14,html,5aa0ed57,beachu23,2025-04-25,14:44:38,-07:00,2025-04-25T14:44:38-07:00,0,32
contact\index.html,15,html,5aa0ed57,beachu23,2025-04-25,14:44:38,-07:00,2025-04-25T14:44:38-07:00,0,52
contact\index.html,16,html,5aa0ed57,beachu23,2025-04-25,14:44:38,-07:00,2025-04-25T14:44:38-07:00,0,0
contact\index.html,17,html,5aa0ed57,beachu23,2025-04-25,14:44:38,-07:00,2025-04-25T14:44:38-07:00,0,36
contact\index.html,18,html,5aa0ed57,beachu23,2025-04-25,14:44:38,-07:00,2025-04-25T14:44:38-07:00,0,46
contact\index.html,19,html,5aa0ed57,beachu23,2025-04-25,14:44:38,-07:00,2025-04-25T14:44:38-07:00,0,0
contact\index.html,20,html,5aa0ed57,beachu23,2025-04-25,14:44:38,-07:00,2025-04-25T14:44:38-07:00,0,33
contact\index.html,21,html,5aa0ed57,beachu23,2025-04-25,14:44:38,-07:00,2025-04-25T14:44:38-07:00,0,51
contact\index.html,22,html,5aa0ed57,beachu23,2025-04-25,14:44:38,-07:00,2025-04-25T14:44:38-07:00,0,0
contact\index.html,23,html,c60a4313,beachu23,2025-04-24,21:49:08,-07:00,2025-04-24T21:49:08-07:00,0,34
contact\index.html,24,html,e95b33dc,beachu23,2025-04-24,20:15:49,-07:00,2025-04-24T20:15:49-07:00,0,6
contact\index.html,25,html,91530442,beachu23,2025-04-24,19:59:30,-07:00,2025-04-24T19:59:30-07:00,0,6
contact\index.html,26,html,5f42d5a0,beachu23,2025-04-25,20:40:54,-07:00,2025-04-25T20:40:54-07:00,0,6
